{"cameraMode":{"drawMode":0,"name":"Shaded","section":"Shading Mode"},"sceneLighting":true,"audioPlay":false,"sceneViewState":{"m_AlwaysRefresh":false,"showFog":true,"showSkybox":true,"showFlares":true,"showImageEffects":true,"showParticleSystems":true,"showVisualEffectGraphs":true,"m_FxEnabled":true},"in2DMode":false,"pivot":{"x":2.7775206565856935,"y":0.6946369409561157,"z":-0.7622849941253662},"rotation":{"x":0.050307318568229678,"y":0.9465478658676148,"z":-0.1819515973329544,"w":0.2619558572769165},"size":1.513242483139038,"orthographic":false}